Link Name,Center of Mass X,Center of Mass Y,Center of Mass Z,Center of Mass Roll,Center of Mass Pitch,Center of Mass Yaw,Mass,Moment Ixx,Moment Ixy,Moment Ixz,Moment Iyy,Moment Iyz,Moment Izz,Visual X,Visual Y,Visual Z,Visual Roll,Visual Pitch,Visual Yaw,Mesh Filename,Color Red,Color Green,Color Blue,Color Alpha,Collision X,Collision Y,Collision Z,Collision Roll,Collision Pitch,Collision Yaw,Collision Mesh Filename,Material Name,SW Components,Coordinate System,Axis Name,Joint Name,Joint Type,Joint Origin X,Joint Origin Y,Joint Origin Z,Joint Origin Roll,Joint Origin Pitch,Joint Origin Yaw,Parent,Joint Axis X,Joint Axis Y,Joint Axis Z,Limit Effort,Limit Velocity,Limit Lower,Limit Upper,Calibration rising,Calibration falling,Dynamics Damping,Dynamics Friction,Safety Soft Upper,Safety Soft Lower,Safety K Position,Safety K Velocity
base_link,0.00869926146691317,0.00499983083483457,0.216987276743484,0,0,0,26.7519139746162,0.38758653505516,0.00116618343106311,0.00112683461180677,0.347238571580365,-9.4413672342627E-05,0.647845030034638,0,0,0,0,0,0,package://RJ2506/meshes/base_link.STL,1,1,1,1,0,0,0,0,0,0,package://RJ2506/meshes/base_link.STL,,RJ2506-20251125.STEP-1/AGV____.STEP-1;RJ2506-20251125.STEP-1/______.STEP-2/CFN01-D76-AF-002.STEP-1;RJ2506-20251125.STEP-1/______.STEP-1/CFN01-D76-AF-002.STEP-1;RJ2506-20251125.STEP-1/______.STEP-3/CFN01-D76-AF-002.STEP-1;RJ2506-20251125.STEP-1/__________.STEP-1;RJ2506-20251125.STEP-1/RJ2506-30-170 __________.STEP-1;RJ2506-20251125.STEP-1/H1E0-03B-000-00A.STEP-2;RJ2506-20251125.STEP-1/H1E0-03B-000-00A.STEP-1,BasicCoor,,,,0,0,0,0,0,0,,0,0,0,,,,,,,,,,,,
left_wheel,5.6968844086569E-09,4.18732232776442E-08,-0.0280353027836984,0,0,0,1.40909278388532,0.00468758065887277,6.14328708772137E-08,3.0883624308924E-16,0.004687934093688,-2.99261328661456E-18,0.00859281330420875,0,0,0,0,0,0,package://RJ2506/meshes/left_wheel.STL,1,1,1,1,0,0,0,0,0,0,package://RJ2506/meshes/left_wheel.STL,,RJ2506-20251125.STEP-1/81201A1.17C____(1).STEP-2,CoorLeftWheel,RotationAxisLeftWheel,left_wheel_joint,continuous,0.127158254752953,0.314203453065842,0.0750000000000001,1.5707963267949,0,3.14159265358979,base_link,0,0,-1,,,,,,,,,,,,
right_wheel,5.55111512312578E-17,-5.55111512312578E-17,-0.028035303768161,0,0,0,1.409092006875,0.00468757427874673,-3.84490955269681E-08,1.13110957507513E-18,0.00468794047381405,-3.78836667315731E-19,0.00859281330420875,0,0,0,0,0,0,package://RJ2506/meshes/right_wheel.STL,1,1,1,1,0,0,0,0,0,0,package://RJ2506/meshes/right_wheel.STL,,RJ2506-20251125.STEP-1/81201A1.17C____(1).STEP-1,CoorRightWheel,RotationAxisRightWheel,right_wheel_joint,continuous,0.127158254752976,-0.314196546934228,0.0750000000000001,1.5707963267949,0,0,base_link,0,0,-1,,,,,,,,,,,,
front_castor_roller,-0.000557440298790401,-0.000113788808885351,-0.0303791109517605,0,0,0,0.0410922228892282,4.03153425304829E-05,7.16006586650412E-08,-1.75845951322294E-06,3.61728300362249E-05,-1.55500880962934E-07,3.76138224134597E-05,0,0,0,0,0,0,package://RJ2506/meshes/front_castor_roller.STL,1,1,1,1,0,0,0,0,0,0,package://RJ2506/meshes/front_castor_roller.STL,,RJ2506-20251125.STEP-1/______.STEP-1/____________.STEP-1,CoorFrontCasterRoller,RotationAxisFrontCasterRoller,front_caster_roller_joint,continuous,0.192158254752976,0.000103453065798953,0.0780000000000001,0,0,0,base_link,0,0,1,,,,,,,,,,,,
front_castor_wheel,0.000173305240552979,5.55111512312578E-17,-0.0253870640460704,0,0,0,0.202499221904627,0.000111650940645114,-4.0250361354592E-21,-1.63572582164296E-07,0.000111649824013997,-1.4751330828717E-22,0.000135611174555599,0,0,0,0,0,0,package://RJ2506/meshes/front_castor_wheel.STL,1,1,1,1,0,0,0,0,0,0,package://RJ2506/meshes/front_castor_wheel.STL,,RJ2506-20251125.STEP-1/______.STEP-1/________.STEP-1,CoorFrontCasterWheel,RotationAxisFrontCasterWheel,front_caster_wheel_joint,continuous,0.0202733042933136,0.0252121945957521,-0.065,1.5707963267949,0,3.14159265358979,front_castor_roller,-0.00682635858369262,0,0.999976700142802,,,,,,,,,,,,
left_castor_roller,-0.000113788804908588,0.000557440285192112,-0.030379110951023,0,0,0,0.0410922228900686,3.61728300494549E-05,-7.16006423103288E-08,-1.5550087823156E-07,4.03153425340229E-05,1.7584594933835E-06,3.76138224387701E-05,0,0,0,0,0,0,package://RJ2506/meshes/left_castor_roller.STL,1,1,1,1,0,0,0,0,0,0,package://RJ2506/meshes/left_castor_roller.STL,,RJ2506-20251125.STEP-1/______.STEP-3/____________.STEP-1,CoorLeftCasterRoller,RotationAxisLeftCasterRoller,left_caster_roller_joint,continuous,-0.163441745247024,0.244303453065799,0.0780000000000022,0,0,0,base_link,0,0,1,,,,,,,,,,,,
left_castor_wheel,0.000172791139640194,-5.55111512312578E-17,-0.0253117546511697,0,0,0,0.202499221904627,0.000111650940645115,7.09347971238321E-22,-1.63572582164329E-07,0.000111649824013997,-2.40888816406175E-20,0.000135611174555599,0,0,0,0,0,0,package://RJ2506/meshes/left_castor_wheel.STL,1,1,1,1,0,0,0,0,0,0,package://RJ2506/meshes/left_castor_wheel.STL,,RJ2506-20251125.STEP-1/______.STEP-3/________.STEP-1,CoorLeftCasterWheel,RotationAxisLeftCasterWheel,left_caster_wheel_joint,continuous,-0.0254866241014879,-0.0199272079131204,-0.0650000000000001,1.5707963267949,0,-1.5707963267949,left_castor_roller,-0.0068263585836926,0,0.999976700142802,,,,,,,,,,,,
right_castor_roller,0.000113788810498977,-0.0303791109469055,0.000557440288695366,0,0,0,0.0410922228825033,3.61728300438282E-05,1.55500883580756E-07,7.16006469579178E-08,3.76138224294846E-05,1.75845949719036E-06,4.03153425231476E-05,0,0,0,0,0,0,package://RJ2506/meshes/right_castor_roller.STL,1,1,1,1,0,0,0,0,0,0,package://RJ2506/meshes/right_castor_roller.STL,,RJ2506-20251125.STEP-1/______.STEP-2/____________.STEP-1,CoorRightCasterRoller,RotationAxisRightCasterRoller,right_castor_roller_joint,continuous,-0.167941745247024,-0.244296546934201,0.0779999999999991,1.5707963267949,0,3.14159265358979,base_link,0,1,0,,,,,,,,,,,,
right_castor_wheel,0.0253870640460704,0,0.000173305240552979,0,0,0,0.202499221904628,0.000135611174555599,8.29922314650184E-21,1.63572582164294E-07,0.000111649824013997,-3.1890950423648E-21,0.000111650940645115,0,0,0,0,0,0,package://RJ2506/meshes/right_castor_wheel.STL,1,1,1,1,0,0,0,0,0,0,package://RJ2506/meshes/right_castor_wheel.STL,,RJ2506-20251125.STEP-1/______.STEP-2/________.STEP-1,CoorRightCasterWheel,RotationAxisRightCasterWheel,right_caster_wheel_joint,continuous,-0.025212194595752,-0.065,-0.0202733042933136,0,0,0,right_castor_roller,-0.999976700142802,0,-0.0068263585836926,,,,,,,,,,,,
body_link1,-4.31295084630245E-05,-0.00421101313190597,0.0453219931156109,0,0,0,1.2329725334999,0.00228390890774754,2.98917211897125E-07,-1.47108179038847E-06,0.00334162854579429,-4.78109345528899E-07,0.00233416767802444,0,0,0,0,0,0,package://RJ2506/meshes/body_link1.STL,1,1,1,1,0,0,0,0,0,0,package://RJ2506/meshes/body_link1.STL,,RJ2506-20251125.STEP-1/____________-0.STEP-1;RJ2506-20251125.STEP-1/PH25-2.1.STEP-4,CoorBodyLink1,RotationAxisBodyJoint1,body_jonit1,revolute,-0.0028417,0,0.8295,0,0,0,base_link,0,0,-1,0,0,-1.57,1.57,,,,,,,,
body_link2,0.000958653082196413,0.201270903257914,-0.0432950403578418,0,0,0,3.1157546443953,0.0135579454108103,0.000115314171114847,3.75467578844669E-08,0.00708202087654693,1.01051941171378E-06,0.013377043683685,0,0,0,0,0,0,package://RJ2506/meshes/body_link2.STL,1,1,1,1,0,0,0,0,0,0,package://RJ2506/meshes/body_link2.STL,,RJ2506-20251125.STEP-1/____.STEP-1;RJ2506-20251125.STEP-1/RJ2506-20-100 ____.STEP-1;RJ2506-20251125.STEP-1/PH25-2.1.STEP-2;RJ2506-20251125.STEP-1/PH25-2.1.STEP-3;RJ2506-20251125.STEP-1/J1____________.STEP-1;RJ2506-20251125.STEP-1/J1____________.STEP-2;RJ2506-20251125.STEP-1/____________-1.STEP-1;RJ2506-20251125.STEP-1/PH25-2.1.STEP-4,CoorBodyLink2,RotationAxisBodyJoint2,body_joint2,revolute,0,-0.0455,0.08,1.5708,0,0,body_link1,0,0,-1,0,0,0,0.75,,,,,,,,
cam_head,-0.0269571328675796,0,-0.000995884553184001,0,0,0,0.0746933693755749,1.95480229758086E-05,3.23843821806692E-21,-1.44313609304179E-12,1.74035104077852E-05,-8.90061090437218E-22,1.75029737089945E-05,0,0,0,0,0,0,package://RJ2506/meshes/cam_head.STL,1,1,1,1,0,0,0,0,0,0,package://RJ2506/meshes/cam_head.STL,,RJ2506-20251125.STEP-1/________-5.STEP-1,CoorHeadCam,,head_cam_joint,fixed,0.098123,0.42481,-0.0455,-1.5708,0,-0.83416,body_link2,0,0,0,,,,,,,,,,,,
left_arm_link0,0.0882711459374961,-0.000362302850967944,-0.00294472984422307,0,0,0,0.238001140524293,0.000424938539691083,2.48906792021067E-08,5.57253420622779E-05,0.000704505764655377,3.0927037329785E-08,0.000861651567587452,0,0,0,0,0,0,package://RJ2506/meshes/left_arm_link0.STL,1,1,1,1,0,0,0,0,0,0,package://RJ2506/meshes/left_arm_link0.STL,,RJ2506-20251125.STEP-1/J2______B______.STEP-1,CoorLeftArmLink00,RotationAxisLeftArmJoint00,left_arm_joint0,revolute,0,0.2525,-0.155,0,1.5708,0,body_link2,-1,0,0,0,0,-3.14,3.14,,,,,,,,
left_arm_link1,-0.0479372885458475,-0.0255990315987933,0.00321022550757699,0,0,0,0.891893424900436,0.00161545702563551,-7.69856406328665E-05,5.15085952795877E-06,0.00121657663419294,-6.30944159758864E-06,0.00129387995939797,0,0,0,0,0,0,package://RJ2506/meshes/left_arm_link1.STL,1,1,1,1,0,0,0,0,0,0,package://RJ2506/meshes/left_arm_link1.STL,,RJ2506-20251125.STEP-1/J2__B______.STEP-1;RJ2506-20251125.STEP-1/PH20-2.1.STEP-2,CoorLeftArmLink1,RotationAxisLeftArmJoint1,left_arm_joint1,revolute,0.108,0,-0.0525,0,1.5708,0,left_arm_link0,-1,0,0,0,0,0,3.14,,,,,,,,
left_arm_link2,0.107184008785762,0.0040022702979654,-2.60088598416641E-06,0,0,0,0.824773571458771,0.000826589534514665,-6.36410087070467E-05,8.968493540449E-07,0.00151814031423236,4.39286686177732E-08,0.00146453441013561,0,0,0,0,0,0,package://RJ2506/meshes/left_arm_link2.STL,1,1,1,1,0,0,0,0,0,0,package://RJ2506/meshes/left_arm_link2.STL,,RJ2506-20251125.STEP-1/J3__&J4__B__________.STEP-1;RJ2506-20251125.STEP-1/PH17-2.1.STEP-3;RJ2506-20251125.STEP-1/PH17-2.1.STEP-4,CoorLeftArmLink2,RotationAxisLeftArmJoint2,left_arm_joint2,revolute,-0.053911,-0.12996,0.011921,1.5767,-0.087266,-1.5713,left_arm_link1,1,0,0,0,0,-3.14,3.14,,,,,,,,
left_arm_link3,0.0473618581774886,-0.0479647252689564,0.00359619407468853,0,0,0,0.309934047430043,0.000644628581739132,4.52871938070662E-05,6.07478036250766E-06,0.000391514989697136,-6.13423775177317E-06,0.000481429600142672,0,0,0,0,0,0,package://RJ2506/meshes/left_arm_link3.STL,1,1,1,1,0,0,0,0,0,0,package://RJ2506/meshes/left_arm_link3.STL,,RJ2506-20251125.STEP-1/J4__B______.STEP-1,CoorLeftArmLink3,RotationAxisLeftArmJoint3,left_arm_joint3,revolute,0.175,0.04945,-0.00028886,3.1411,-0.0058414,-1.5708,left_arm_link2,1,0,0,0,0,0,1.57,,,,,,,,
left_arm_link4,0.0589278070413209,9.25924841574943E-05,-0.000134846182588293,0,0,0,0.481340222963776,0.000464225178501514,2.25015402936988E-07,4.27843087468458E-05,0.000862590377554964,6.85499501295857E-08,0.000850619186439978,0,0,0,0,0,0,package://RJ2506/meshes/left_arm_link4.STL,1,1,1,1,0,0,0,0,0,0,package://RJ2506/meshes/left_arm_link4.STL,,RJ2506-20251125.STEP-1/J5&J6__________.STEP-2;RJ2506-20251125.STEP-1/PH14-2.1.STEP-2,CoorLeftArmLink4,RotationAxisLeftArmJoint4,left_arm_joint4,revolute,0.050131,-0.1105,-0.00013589,3.1416,0,-1.5708,left_arm_link3,1,0,0,0,0,-3.14,3.14,,,,,,,,
left_hand_base,0.0490104745154481,-0.000222931856034503,0.057095451975437,0,0,0,0.425977846728743,0.000196167542911642,-1.08827996223091E-07,2.5918140025208E-08,0.000192354967475662,-2.21891311843373E-07,0.000194835525376335,0,0,0,0,0,0,package://RJ2506/meshes/left_hand_base.STL,1,1,1,1,0,0,0,0,0,0,package://RJ2506/meshes/left_hand_base.STL,,RJ2506-20251125.STEP-1/________-2.STEP-2;RJ2506-20251125.STEP-1/PH11-2.2__M2-48V__.STEP-2,CoorLeftArmLink5,RotationAxisLeftArmJoint5,left_arm_joint5,revolute,0.155,0.0013007,0.045864,0,1.5708,0,left_arm_link4,1,0,0,0,0,-3.14,3.14,,,,,,,,
left_hand_finger1,0.0495060496321965,0.0197399835686078,0.180370756431535,0,0,0,0.0086569874075513,1.10420099973295E-06,1.78479008444909E-08,5.96643317325932E-08,1.03663597894263E-06,9.54866713752479E-08,3.74482952935254E-07,0,0,0,0,0,0,package://RJ2506/meshes/left_hand_finger1.STL,1,1,1,1,0,0,0,0,0,0,package://RJ2506/meshes/left_hand_finger1.STL,,RJ2506-20251125.STEP-1/____________-3.STEP-3,CoorLeftArmLink5,SlideAxisLeftHand,left_hand_finger1_joint,prismatic,0,0,0,0,0,0,left_hand_base,0,-1,0,0,0,0,0.015,,,,,,,,
left_hand_finger2,0.0434939503377452,-0.0197407586191738,0.180370756229866,0,0,0,0.00865698738066051,1.10420099707155E-06,1.78479004188489E-08,-5.9664332003823E-08,1.0366359771396E-06,-9.54866703354799E-08,3.74482950590246E-07,0,0,0,0,0,0,package://RJ2506/meshes/left_hand_finger2.STL,1,1,1,1,0,0,0,0,0,0,package://RJ2506/meshes/left_hand_finger2.STL,,RJ2506-20251125.STEP-1/____________-3.STEP-4,CoorLeftArmLink5,SlideAxisLeftHand,left_hand_finger2_joint,prismatic,0,0,0,0,0,0,left_hand_base,0,1,0,0,0,0,0.015,,,,,,,,
left_hand_front_cam,-0.0239311652691113,-0.00851339259041423,0,0,0,0,0.0958667621444379,2.42383827887961E-05,-1.00382415725035E-06,-3.91752738105114E-21,2.74825146334872E-05,-4.2351647362715E-21,2.3346676346651E-05,0,0,0,0,0,0,package://RJ2506/meshes/left_hand_front_cam.STL,1,1,1,1,0,0,0,0,0,0,package://RJ2506/meshes/left_hand_front_cam.STL,,RJ2506-20251125.STEP-1/____-4.STEP-2,CoorLeftHandFrontCam,Axis_left_hand_front_cam_joint,left_hand_front_cam_joint,fixed,-0.00590000000000057,0,0.129655988461576,1.57079632679138,-1.04719755119659,0,left_hand_base,0,0,0,,,,,,,,,,,,
right_arm_link0,0.0882364428171969,-0.000362081822915084,0.00385039494392755,0,0,0,0.238000914058001,0.000426129108471693,2.49353580985053E-08,-6.01936313197551E-05,0.00070451067323746,-2.98983911991462E-08,0.000860463417888521,0,0,0,0,0,0,package://RJ2506/meshes/right_arm_link0.STL,1,1,1,1,0,0,0,0,0,0,package://RJ2506/meshes/right_arm_link0.STL,,RJ2506-20251125.STEP-1/J2____________.STEP-1,CoorRightArmLink0,RotationAxisRightArmJoint0,right_arm_joint0,revolute,0,0.2525,0.064,0,-1.5605,0,body_link2,1,0,0,0,0,-3.14,3.14,,,,,,,,
right_arm_link1,-0.0479409595985664,-0.0255967765041668,-0.00321167696539804,0,0,0,0.8918480783456,0.00161538679808183,-7.69454230419986E-05,-5.17312455499621E-06,0.00121653211059272,6.34189268601816E-06,0.00129385277087062,0,0,0,0,0,0,package://RJ2506/meshes/right_arm_link1.STL,1,1,1,1,0,0,0,0,0,0,package://RJ2506/meshes/right_arm_link1.STL,,RJ2506-20251125.STEP-1/J2________.STEP-1;RJ2506-20251125.STEP-1/PH20-2.1.STEP-1,CoorRightArmLink1,RotationAxisRightArmJoint1,right_arm_joint1,revolute,0.10746,0,0.053605,-3.1416,-1.5605,3.1416,right_arm_link0,1,0,0,0,0,0,3.14,,,,,,,,
right_arm_link2,0.107173452837241,0.00428698418342771,-7.6955985035751E-06,0,0,0,0.824770515441108,0.000826923100009396,-6.54752193016518E-05,-7.97007646227503E-07,0.00151776036698689,-5.75352380343951E-08,0.00146450154625875,0,0,0,0,0,0,package://RJ2506/meshes/right_arm_link2.STL,1,1,1,1,0,0,0,0,0,0,package://RJ2506/meshes/right_arm_link2.STL,,RJ2506-20251125.STEP-1/PH17-2.1.STEP-1;RJ2506-20251125.STEP-1/J3__&J4____________.STEP-1;RJ2506-20251125.STEP-1/PH17-2.1.STEP-2,CoorRightArmLink2,RotationAxisRightArmJoint2,right_arm_joint2,revolute,-0.053911,-0.12996,-0.011921,-1.5759,0.084611,-1.5712,right_arm_link1,1,0,0,0,0,-3.14,3.14,,,,,,,,
right_arm_link3,0.0473623331671174,-0.0479646569313932,-0.00359604148466476,0,0,0,0.309940241378268,0.000644636360974277,4.52869726413716E-05,-6.07686624362506E-06,0.000391520750370997,6.13373934074777E-06,0.00048143170992429,0,0,0,0,0,0,package://RJ2506/meshes/right_arm_link3.STL,1,1,1,1,0,0,0,0,0,0,package://RJ2506/meshes/right_arm_link3.STL,,RJ2506-20251125.STEP-1/J4______.STEP-1,CoorRightArmLink3,RotationAxisRightArmJoint3,right_arm_joint3,revolute,0.174868067712582,0.0499147046039046,0.000240661483949252,-3.14114670719121,0.00509714634773714,-1.56814036202284,right_arm_link2,-1,0,0,0,0,0,1.57,,,,,,,,
right_arm_link4,0.0589278085190903,-0.00016921353057775,0.000134800323891578,0,0,0,0.48134024714874,0.000464224539927095,2.24808895452248E-07,-4.27886090998918E-05,0.000862589683855108,6.87149814575877E-08,0.000850619131205673,0,0,0,0,0,0,package://RJ2506/meshes/right_arm_link4.STL,1,1,1,1,0,0,0,0,0,0,package://RJ2506/meshes/right_arm_link4.STL,,RJ2506-20251125.STEP-1/J5&J6__________.STEP-1;RJ2506-20251125.STEP-1/PH14-2.1.STEP-1,CoorRightArmLink4,RotationAxisRightArmJoint4,right_arm_joint4,revolute,0.049869,-0.1105,0.00013589,-3.1416,0,-1.5708,right_arm_link3,1,0,0,0,0,-3.14,3.14,,,,,,,,
right_hand_base,0.0490104742862492,-0.0571014202477723,8.00800618376285E-05,0,0,0,0.4259779188237,0.000196167609255449,-1.4125906653504E-07,4.72597127384282E-08,0.000194662709379743,1.35240533723012E-07,0.000192527883434596,0,0,0,0,0,0,package://RJ2506/meshes/right_hand_base.STL,1,1,1,1,0,0,0,0,0,0,package://RJ2506/meshes/right_hand_base.STL,,RJ2506-20251125.STEP-1/________-2.STEP-1;RJ2506-20251125.STEP-1/PH11-2.2__M2-48V__.STEP-1,CoorRightArmLink5,RotationAxisRightArmJoint5,right_arm_joint5,revolute,0.155,-0.00013132,-0.045864,1.5708,-1.5708,0,right_arm_link4,1,0,0,0,0,-3.14,3.14,,,,,,,,
right_hand_finger1,0.0434939503684225,-0.180370756431385,-0.0197407586121252,0,0,0,0.00865698740755124,1.10420099973253E-06,5.96643317351086E-08,1.78479008441584E-08,3.74482952935663E-07,9.54866713753073E-08,1.03663597894262E-06,0,0,0,0,0,0,package://RJ2506/meshes/right_hand_finger1.STL,1,1,1,1,0,0,0,0,0,0,package://RJ2506/meshes/right_hand_finger1.STL,,RJ2506-20251125.STEP-1/____________-3.STEP-1,CoorRightArmLink5,SlideAxisRightHand,right_hand_finger1_joint,prismatic,0,0,0,0,0,0,right_hand_base,0,0,1,0,0,0,0.015,,,,,,,,
right_hand_finger2,0.0495060496628758,-0.180370756229697,0.0197399835756544,0,0,0,0.00865698738066073,1.10420099707201E-06,-5.96643320013184E-08,1.78479004191753E-08,3.74482950589842E-07,-9.54866703354258E-08,1.03663597713964E-06,0,0,0,0,0,0,package://RJ2506/meshes/right_hand_finger2.STL,1,1,1,1,0,0,0,0,0,0,package://RJ2506/meshes/right_hand_finger2.STL,,RJ2506-20251125.STEP-1/____________-3.STEP-2,CoorRightArmLink5,SlideAxisRightHand,right_hand_finger2_joint,prismatic,0,0,0,0,0,0,right_hand_base,0,0,-1,0,0,0,0.015,,,,,,,,
right_hand_front_cam,-0.0239311652691113,0.00851339259041425,-5.55111512312578E-17,0,0,0,0.095866762144438,2.42383827887961E-05,1.00382415725034E-06,4.76456032830544E-21,2.74825146334871E-05,-5.39983503874616E-21,2.3346676346651E-05,0,0,0,0,0,0,package://RJ2506/meshes/right_hand_front_cam.STL,1,1,1,1,0,0,0,0,0,0,package://RJ2506/meshes/right_hand_front_cam.STL,,RJ2506-20251125.STEP-1/____-4.STEP-1,CoorRightHandFrontCam,Axis_right_hand_front_cam_joint,right_hand_front_cam_joint,fixed,-0.00589999999955455,-0.129655988461597,0,0,0,-1.04719755119315,right_hand_base,0,0,0,,,,,,,,,,,,
